index,Close
0,120.05171437142859
1,120.05171437142859
2,120.05171437142859
3,120.05171437142859
4,120.05171437142859
5,120.05171437142859
6,120.05171437142859
7,120.05171437142859
8,120.05171437142859
9,120.05171437142859
10,120.05171437142859
11,120.05171437142859
12,120.05171437142859
13,120.05171437142859
