index,Close
0,109.1745085
1,108.4322767
2,107.690045
3,106.9478132
4,106.2055814
5,105.4633497
6,104.7211179
7,103.9788862
8,103.2366544
9,102.4944226
10,101.7521909
11,101.0099591
12,100.2677273
13,99.52549558